{
    "heroes": [
        {
            "id": 1,
            "name": "Первый герой",
            "description": "Первый герой в рейтинге!",
            "element": "fire"
        },
        {
            "id": 2,
            "name": "Неизвестный герой",
            "description": "Скрывающийся в тени",
            "element": "wind"
        },
        {
            "id": 3,
            "name": "Морской герой",
            "description": "Как аквамен, но не из DC",
            "element": "water"
        }
    ],
    "filters": [
        "all",
        "fire",
        "water",
        "wind",
        "earth"
    ]
}